Description,Price,Rate,Review Counts,URL,Image
"Woyiyaan Laptop Backpack for Women Girls 15.6 Inch Mesh School Bag, Unisex Student Bookbag Waterproof Backpack for College Work Travel,Khaki",$35.99,,,https://www.amazon.com//sspa/click?ie=UTF8&spc=MTo0MDY1MzE4MjQyMDk5ODg3OjE2ODc3MTI2MTk6c3BfYXRmOjIwMDE3OTA1OTc2MDg5ODo6MDo6&url=%2FBackpack-Student-Bookbag-Waterproof-College%2Fdp%2FB0B9NJF82S%2Fref%3Dsr_1_1_sspa%3Fkeywords%3Dschool%2Bbag%26qid%3D1687712619%26sr%3D8-1-spons%26sp_csd%3Dd2lkZ2V0TmFtZT1zcF9hdGY%26psc%3D1,https://m.media-amazon.com/images/I/71LCvl5X43L._AC_UY218_.jpg
VECAVE School Backpack Black Waterproof Bookbag Casual Lightweight Travel Rucksack Daypack Backpacks for Men Women College High School Bags backpack for Boys Girls Teens,$19.99,,,https://www.amazon.com//sspa/click?ie=UTF8&spc=MTo0MDY1MzE4MjQyMDk5ODg3OjE2ODc3MTI2MTk6c3BfYXRmOjIwMDE3NTM0OTg1MTA5ODo6MDo6&url=%2FVECAVE-121201-Backpack-Black%2Fdp%2FB0BLJL4BLT%2Fref%3Dsr_1_2_sspa%3Fkeywords%3Dschool%2Bbag%26qid%3D1687712619%26sr%3D8-2-spons%26sp_csd%3Dd2lkZ2V0TmFtZT1zcF9hdGY%26psc%3D1,https://m.media-amazon.com/images/I/51Ia7eIo4GL._AC_UY218_.jpg
"MATEIN Travel Laptop Backpack, Business Anti Theft Slim Durable Laptop Backpack with USB Charging Port, Water Resistant College Bag Computer Bag Gifts for Men & Women Fits 15.6 Inch Notebook, Grey",$29.99,,,https://www.amazon.com//Backpack-Business-Charging-Resistant-Computer/dp/B06XZTZ7GB/ref=sr_1_3?keywords=school+bag&qid=1687712619&sr=8-3,https://m.media-amazon.com/images/I/81OFxhFWmML._AC_UY218_.jpg
"YOREPEK Travel Backpack, Extra Large 50L Laptop Backpacks for Men Women, Water Resistant College Backpack Airline Approved Business Work Bag with USB Charging Port Fits 17 Inch Computer, Black",$27.19,,,https://www.amazon.com//Backpack-Charging-Friendly-Resistant-Business/dp/B071ZYHCM6/ref=sr_1_4?keywords=school+bag&qid=1687712619&sr=8-4,https://m.media-amazon.com/images/I/71Nv2xl+KjL._AC_UY218_.jpg
Lightweight School Bag College Laptop Backpack for Men Women Travel bag High School Middle Bookbag for Boy Girls,$29.99,,,https://www.amazon.com//Lightweight-Daypack-Backpack-Resistant-Rucksack/dp/B09S64M529/ref=sr_1_5?keywords=school+bag&qid=1687712619&sr=8-5,https://m.media-amazon.com/images/I/619XHZEWexL._AC_UY218_.jpg
"Geometric-Print Backpack and Lunch-Bag Set for Girls-Boys Middle-School Elementary Bookbags, 3Pcs School Bag with Lunch Bag Pencil Case",$24.80,,,https://www.amazon.com//Geometric-Print-Lunch-Bag-Girls-Boys-Middle-School-Elementary/dp/B08BLJLN9K/ref=sr_1_6?keywords=school+bag&qid=1687712619&sr=8-6,https://m.media-amazon.com/images/I/61KrN53vsdL._AC_UY218_.jpg
Amazon Basics Classic School Backpack - Black,$23.18,,,https://www.amazon.com//sspa/click?ie=UTF8&spc=MTo0MDY1MzE4MjQyMDk5ODg3OjE2ODc3MTI2MTk6c3BfbXRmOjIwMDAxMDUyODkwMzMzMTo6MDo6&url=%2FAmazonbasics-Classic-School-Backpack-Black%2Fdp%2FB013TGEJEE%2Fref%3Dsr_1_7_ffob_sspa%3Fkeywords%3Dschool%2Bbag%26qid%3D1687712619%26sr%3D8-7-spons%26sp_csd%3Dd2lkZ2V0TmFtZT1zcF9tdGY%26psc%3D1,https://m.media-amazon.com/images/I/91Xend3u02L._AC_UY218_.jpg
"SHRRADOO Anti Theft Laptop Backpack Travel Backpacks with usb Charging Port for Women Men College Backpack Computer Bag Fits 17 Inch Laptop,Grey",$22.99,,,https://www.amazon.com//SHRRADOO-Mens-Kids-Rucksack-Gray/dp/B07SDNTVFD/ref=sr_1_8?keywords=school+bag&qid=1687712619&sr=8-8,https://m.media-amazon.com/images/I/71qpXciYP1L._AC_UY218_.jpg
GAXOS Aesthetic Cute Messenger Bag for School Vintage Black Canvas Crossbody for Women Shoulder Laptop Bag,$20.30,,,https://www.amazon.com//GAXOS-Aesthetic-Messenger-Crossbody-Shoulder/dp/B0BDYXQYWS/ref=sr_1_9?keywords=school+bag&qid=1687712619&sr=8-9,https://m.media-amazon.com/images/I/41xWR6DEEoL._AC_UY218_.jpg
VIDOSCLA Teenage Boys Color-blocking Sports Kids Backpack Middle/High Schoolbag Elementary Student Bookbag for School Teen Boys Grey,$22.80,,,https://www.amazon.com//Color-blocking-Backpack-Capacity-Elementary-Students/dp/B07BRMNSLC/ref=sr_1_10?keywords=school+bag&qid=1687712619&sr=8-10,https://m.media-amazon.com/images/I/61hiiNGxv9L._AC_UY218_.jpg
"JanSport SuperBreak One Backpacks, Black - Durable, Lightweight Bookbag with 1 Main Compartment, Front Utility Pocket with Built-in Organizer - Premium Backpack",$35.02,,,https://www.amazon.com//JanSport-Superbreak-Backpack-Jansport-Black/dp/B0007QCQGI/ref=sr_1_11?keywords=school+bag&qid=1687712619&sr=8-11,https://m.media-amazon.com/images/I/71c8Ye5F3ML._AC_UY218_.jpg
"Makukke School Backpack for Women, Laptop Backpack 15.6 Inch College School Bag Anti Theft Travel Daypack Bookbag for Girls,Blue",$25.99,,,https://www.amazon.com//sspa/click?ie=UTF8&spc=MTo0MDY1MzE4MjQyMDk5ODg3OjE2ODc3MTI2MTk6c3BfbXRmOjIwMDE3NzQwODI3OTc5ODo6MDo6&url=%2FMakukke-Backpack-College-Daypack-Bookbag%2Fdp%2FB0B7JWMXFL%2Fref%3Dsr_1_12_sspa%3Fkeywords%3Dschool%2Bbag%26qid%3D1687712619%26sr%3D8-12-spons%26sp_csd%3Dd2lkZ2V0TmFtZT1zcF9tdGY%26psc%3D1,https://m.media-amazon.com/images/I/71VC8rmOa1L._AC_UY218_.jpg
"Missnine Laptop Tote Bag Canvas Laptop Bag 15.6 inch Work Shoulder Bags Casual Briefcase Handbag for Travel, Office, College",$28.04,,,https://www.amazon.com//Laptop-Missnine-Shoulder-Briefcase-Handbag/dp/B09VG8GFQV/ref=sr_1_13?keywords=school+bag&qid=1687712619&sr=8-13,https://m.media-amazon.com/images/I/71qHT0w1B0L._AC_UY218_.jpg
"QINOL Travel Laptop Backpack, Business Anti Theft Durable Laptop Backpack with USB Charging Port, Water Resistant College Bag Computer Bag Gifts for Men Women Fits 15.6 Inch Notebook",$21.31,,,https://www.amazon.com//Laptop-Backpack-Charging-Resistant-Computer/dp/B08GF3VW9S/ref=sr_1_14?keywords=school+bag&qid=1687712619&sr=8-14,https://m.media-amazon.com/images/I/71zzu1mQ-wL._AC_UY218_.jpg
"Mancio Vintage Laptop Backpack with USB Charging Port, Slim Tear Resistant Business Backpack for Travelling,  College, Casual Daypacks for Men,Women, Fits up to 15.6Inch Notebook, Green",$23.99,,,https://www.amazon.com//Backpack-Charging-Resistant-Business-College/dp/B07GTTYJMG/ref=sr_1_15?keywords=school+bag&qid=1687712619&sr=8-15,https://m.media-amazon.com/images/I/7112BpcDsnL._AC_UY218_.jpg
coowoz School Bag Lightweight Casual Daypack College Laptop Backpack for Men Women Water Resistant Travel Rucksack for Sports High School Middle Bookbag for girls(Pink white),$22.99,,,https://www.amazon.com//Lightweight-Daypack-Backpack-Resistant-Rucksack/dp/B09ZB74QWH/ref=sr_1_16?keywords=school+bag&qid=1687712619&sr=8-16,https://m.media-amazon.com/images/I/51LZPVxD87L._AC_UY218_.jpg
Novelty Leopard Head Large Capacity Backpack Lightweight College School Bag Leisure Student Travel Backpack M-1,$25.99,,,https://www.amazon.com//sspa/click?ie=UTF8&spc=MTo0MDY1MzE4MjQyMDk5ODg3OjE2ODc3MTI2MTk6c3BfbXRmOjMwMDAwMjk3MjQ3NzgwMjo6MDo6&url=%2FNovelty-Leopard-Capacity-Backpack-Lightweight%2Fdp%2FB0C3M4FG2B%2Fref%3Dsr_1_17_sspa%3Fkeywords%3Dschool%2Bbag%26qid%3D1687712619%26sr%3D8-17-spons%26sp_csd%3Dd2lkZ2V0TmFtZT1zcF9tdGY%26psc%3D1,https://m.media-amazon.com/images/I/71MtLJwevHL._AC_UY218_.jpg
Women Laptop Tote Bag for Work Lightweight Splice Canvas 15.6 Inch Handbag Purse,$29.99,,,https://www.amazon.com//Laptop-Lightweight-Splice-Canvas-Handbag/dp/B07RZP8Q88/ref=sr_1_18?keywords=school+bag&qid=1687712619&sr=8-18,https://m.media-amazon.com/images/I/71n5KPGajXL._AC_UY218_.jpg
"LOVEVOOK Laptop Backpack for Women 15.6 Inch Laptop Bag with USB Port, Fashion Waterproof Backpacks Teacher Nurse Stylish Travel Bags Vintage Daypacks for College Work",$35.99,,,https://www.amazon.com//LOVEVOOK-Backpack-Waterproof-Backpacks-Daypacks/dp/B09X19Q59Q/ref=sr_1_19?keywords=school+bag&qid=1687712619&sr=8-19,https://m.media-amazon.com/images/I/71cv03B5ksL._AC_UY218_.jpg
GAXOS Cute Aesthetic Backpack for School Middle Student Travel White Backpack Teens Girls Bear Pin Book Bags,$23.98,,,https://www.amazon.com//GAXOS-GAXOS-Cute-Aesthetic-Backpack-for-School-Middle-Student-Travel-White-Backpack-Teens-Girls-Bear-Pin-Book-Bags/dp/B0BCY39P85/ref=sr_1_20?keywords=school+bag&qid=1687712619&sr=8-20,https://m.media-amazon.com/images/I/51aj78Rq+rL._AC_UY218_.jpg
"PAUBACK Green School Backpack for Girls Water Resistant High School Book Bag Simple Backpack for Teens Boys Girls, Lightweight Simple Middle School Back Pack Daypack",$25.99,,,https://www.amazon.com//PAUBACK-Backpack-Resistant-Lightweight-Daypack/dp/B0BLTP4ZH2/ref=sr_1_21?keywords=school+bag&qid=1687712619&sr=8-21,https://m.media-amazon.com/images/I/61W7r8av-3L._AC_UY218_.jpg
"Lmeison Girls Backpack Cute Bookbag for Middle School High School, Waterproof Teens Kids Backpack Anti Theft 15.6inch Laptop Backpack Travel Daypack School Bags for College, Travel, Work, Black",$33.88,,,https://www.amazon.com//sspa/click?ie=UTF8&spc=MTo0MDY1MzE4MjQyMDk5ODg3OjE2ODc3MTI2MTk6c3BfYnRmOjIwMDE3NTQ3MzEzODY5ODo6MDo6&url=%2FLmeison-Backpack-Waterproof-College-Elementary%2Fdp%2FB09XQB88SB%2Fref%3Dsr_1_22_sspa%3Fkeywords%3Dschool%2Bbag%26qid%3D1687712619%26sr%3D8-22-spons%26sp_csd%3Dd2lkZ2V0TmFtZT1zcF9idGY%26psc%3D1,https://m.media-amazon.com/images/I/61vKtAlXSzL._AC_UY218_.jpg
"Woyiyaan Laptop Backpack for Women Girls 15.6 Inch Mesh School Bag, Unisex Student Bookbag Waterproof Backpack for College Work Travel,Khaki",$35.99,,,https://www.amazon.com//sspa/click?ie=UTF8&spc=MTo3OTkyMDI1MDQ2MTE1MzE1OjE2ODc3MTI2MjY6c3BfYXRmOjIwMDE3OTA1OTc2MDg5ODo6MDo6&url=%2FBackpack-Student-Bookbag-Waterproof-College%2Fdp%2FB0B9NJF82S%2Fref%3Dsr_1_1_sspa%3Fkeywords%3Dschool%2Bbag%26qid%3D1687712626%26sr%3D8-1-spons%26sp_csd%3Dd2lkZ2V0TmFtZT1zcF9hdGY%26psc%3D1,https://m.media-amazon.com/images/I/71LCvl5X43L._AC_UY218_.jpg
VECAVE School Backpack Black Waterproof Bookbag Casual Lightweight Travel Rucksack Daypack Backpacks for Men Women College High School Bags backpack for Boys Girls Teens,$19.99,,,https://www.amazon.com//sspa/click?ie=UTF8&spc=MTo3OTkyMDI1MDQ2MTE1MzE1OjE2ODc3MTI2MjY6c3BfYXRmOjIwMDE3NTM0OTg1MTA5ODo6MDo6&url=%2FVECAVE-121201-Backpack-Black%2Fdp%2FB0BLJL4BLT%2Fref%3Dsr_1_2_sspa%3Fkeywords%3Dschool%2Bbag%26qid%3D1687712626%26sr%3D8-2-spons%26sp_csd%3Dd2lkZ2V0TmFtZT1zcF9hdGY%26psc%3D1,https://m.media-amazon.com/images/I/51Ia7eIo4GL._AC_UY218_.jpg
"MATEIN Travel Laptop Backpack, Business Anti Theft Slim Durable Laptop Backpack with USB Charging Port, Water Resistant College Bag Computer Bag Gifts for Men & Women Fits 15.6 Inch Notebook, Grey",$29.99,,,https://www.amazon.com//Backpack-Business-Charging-Resistant-Computer/dp/B06XZTZ7GB/ref=sr_1_3?keywords=school+bag&qid=1687712626&sr=8-3,https://m.media-amazon.com/images/I/81OFxhFWmML._AC_UY218_.jpg
Lightweight School Bag College Laptop Backpack for Men Women Travel bag High School Middle Bookbag for Boy Girls,$29.99,,,https://www.amazon.com//Lightweight-Daypack-Backpack-Resistant-Rucksack/dp/B09S64M529/ref=sr_1_4?keywords=school+bag&qid=1687712626&sr=8-4,https://m.media-amazon.com/images/I/619XHZEWexL._AC_UY218_.jpg
GAXOS Aesthetic Cute Messenger Bag for School Vintage Black Canvas Crossbody for Women Shoulder Laptop Bag,$20.30,,,https://www.amazon.com//GAXOS-Aesthetic-Messenger-Crossbody-Shoulder/dp/B0BDYXQYWS/ref=sr_1_5?keywords=school+bag&qid=1687712626&sr=8-5,https://m.media-amazon.com/images/I/41xWR6DEEoL._AC_UY218_.jpg
"Geometric-Print Backpack and Lunch-Bag Set for Girls-Boys Middle-School Elementary Bookbags, 3Pcs School Bag with Lunch Bag Pencil Case",$24.80,,,https://www.amazon.com//Geometric-Print-Lunch-Bag-Girls-Boys-Middle-School-Elementary/dp/B08BLJLN9K/ref=sr_1_6?keywords=school+bag&qid=1687712626&sr=8-6,https://m.media-amazon.com/images/I/61KrN53vsdL._AC_UY218_.jpg
Amazon Basics Classic School Backpack - Black,$23.18,,,https://www.amazon.com//sspa/click?ie=UTF8&spc=MTo3OTkyMDI1MDQ2MTE1MzE1OjE2ODc3MTI2MjY6c3BfbXRmOjIwMDAxMDUyODkwMzMzMTo6MDo6&url=%2FAmazonbasics-Classic-School-Backpack-Black%2Fdp%2FB013TGEJEE%2Fref%3Dsr_1_7_ffob_sspa%3Fkeywords%3Dschool%2Bbag%26qid%3D1687712626%26sr%3D8-7-spons%26sp_csd%3Dd2lkZ2V0TmFtZT1zcF9tdGY%26psc%3D1,https://m.media-amazon.com/images/I/91Xend3u02L._AC_UY218_.jpg
"YOREPEK Travel Backpack, Extra Large 50L Laptop Backpacks for Men Women, Water Resistant College Backpack Airline Approved Business Work Bag with USB Charging Port Fits 17 Inch Computer, Black",$27.19,,,https://www.amazon.com//Backpack-Charging-Friendly-Resistant-Business/dp/B071ZYHCM6/ref=sr_1_8?keywords=school+bag&qid=1687712626&sr=8-8,https://m.media-amazon.com/images/I/71Nv2xl+KjL._AC_UY218_.jpg
VIDOSCLA Teenage Boys Color-blocking Sports Kids Backpack Middle/High Schoolbag Elementary Student Bookbag for School Teen Boys Grey,$22.80,,,https://www.amazon.com//Color-blocking-Backpack-Capacity-Elementary-Students/dp/B07BRMNSLC/ref=sr_1_9?keywords=school+bag&qid=1687712626&sr=8-9,https://m.media-amazon.com/images/I/61hiiNGxv9L._AC_UY218_.jpg
"JanSport SuperBreak One Backpacks, Black - Durable, Lightweight Bookbag with 1 Main Compartment, Front Utility Pocket with Built-in Organizer - Premium Backpack",$35.02,,,https://www.amazon.com//JanSport-Superbreak-Backpack-Jansport-Black/dp/B0007QCQGI/ref=sr_1_10?keywords=school+bag&qid=1687712626&sr=8-10,https://m.media-amazon.com/images/I/71c8Ye5F3ML._AC_UY218_.jpg
"Missnine Laptop Tote Bag Canvas Laptop Bag 15.6 inch Work Shoulder Bags Casual Briefcase Handbag for Travel, Office, College",$28.04,,,https://www.amazon.com//Laptop-Missnine-Shoulder-Briefcase-Handbag/dp/B09VG8GFQV/ref=sr_1_11?keywords=school+bag&qid=1687712626&sr=8-11,https://m.media-amazon.com/images/I/71qHT0w1B0L._AC_UY218_.jpg
"Makukke School Backpack for Women, Laptop Backpack 15.6 Inch College School Bag Anti Theft Travel Daypack Bookbag for Girls,Blue",$25.99,,,https://www.amazon.com//sspa/click?ie=UTF8&spc=MTo3OTkyMDI1MDQ2MTE1MzE1OjE2ODc3MTI2MjY6c3BfbXRmOjIwMDE3NzQwODI3OTc5ODo6MDo6&url=%2FMakukke-Backpack-College-Daypack-Bookbag%2Fdp%2FB0B7JWMXFL%2Fref%3Dsr_1_12_sspa%3Fkeywords%3Dschool%2Bbag%26qid%3D1687712626%26sr%3D8-12-spons%26sp_csd%3Dd2lkZ2V0TmFtZT1zcF9tdGY%26psc%3D1,https://m.media-amazon.com/images/I/71VC8rmOa1L._AC_UY218_.jpg
"SHRRADOO Anti Theft Laptop Backpack Travel Backpacks with usb Charging Port for Women Men College Backpack Computer Bag Fits 17 Inch Laptop,Grey",$22.99,,,https://www.amazon.com//SHRRADOO-Mens-Kids-Rucksack-Gray/dp/B07SDNTVFD/ref=sr_1_13?keywords=school+bag&qid=1687712626&sr=8-13,https://m.media-amazon.com/images/I/71qpXciYP1L._AC_UY218_.jpg
coowoz School Bag Lightweight Casual Daypack College Laptop Backpack for Men Women Water Resistant Travel Rucksack for Sports High School Middle Bookbag for girls(Pink white),$22.99,,,https://www.amazon.com//Lightweight-Daypack-Backpack-Resistant-Rucksack/dp/B09ZB74QWH/ref=sr_1_14?keywords=school+bag&qid=1687712626&sr=8-14,https://m.media-amazon.com/images/I/51LZPVxD87L._AC_UY218_.jpg
Women Laptop Tote Bag for Work Lightweight Splice Canvas 15.6 Inch Handbag Purse,$29.99,,,https://www.amazon.com//Laptop-Lightweight-Splice-Canvas-Handbag/dp/B07RZP8Q88/ref=sr_1_15?keywords=school+bag&qid=1687712626&sr=8-15,https://m.media-amazon.com/images/I/71n5KPGajXL._AC_UY218_.jpg
"LOVEVOOK Laptop Backpack for Women 15.6 Inch Laptop Bag with USB Port, Fashion Waterproof Backpacks Teacher Nurse Stylish Travel Bags Vintage Daypacks for College Work",$35.99,,,https://www.amazon.com//LOVEVOOK-Backpack-Waterproof-Backpacks-Daypacks/dp/B09X19Q59Q/ref=sr_1_16?keywords=school+bag&qid=1687712626&sr=8-16,https://m.media-amazon.com/images/I/71cv03B5ksL._AC_UY218_.jpg
"ASKSKY Kids Backpack Girls Elementary School Bags Primary Middle School Book Bags for Teens,Blue Bunny",$39.89,,,https://www.amazon.com//sspa/click?ie=UTF8&spc=MTo3OTkyMDI1MDQ2MTE1MzE1OjE2ODc3MTI2MjY6c3BfbXRmOjMwMDAwNDYzMTc0MTUwMjo6MDo6&url=%2FASKSKY-Backpack-Elementary-School-Primary%2Fdp%2FB0C4YL42WZ%2Fref%3Dsr_1_17_sspa%3Fkeywords%3Dschool%2Bbag%26qid%3D1687712626%26sr%3D8-17-spons%26sp_csd%3Dd2lkZ2V0TmFtZT1zcF9tdGY%26psc%3D1,https://m.media-amazon.com/images/I/61rWEobneWL._AC_UY218_.jpg
LAMOGRAFY 3Pcs Kids Backpack Bowknot Printed Daypack Girls 3 in 1 School Bag with Shoulder Bag and Pencil Bag,$23.90,,,https://www.amazon.com//QIXINGHU-Student-Backpack-Bowknot-Shoulder/dp/B09B7JDQ7G/ref=sr_1_18?keywords=school+bag&qid=1687712626&sr=8-18,https://m.media-amazon.com/images/I/61RsCYRFpSL._AC_UY218_.jpg
"PAUBACK Green School Backpack for Girls Water Resistant High School Book Bag Simple Backpack for Teens Boys Girls, Lightweight Simple Middle School Back Pack Daypack",$25.99,,,https://www.amazon.com//PAUBACK-Backpack-Resistant-Lightweight-Daypack/dp/B0BLTP4ZH2/ref=sr_1_19?keywords=school+bag&qid=1687712626&sr=8-19,https://m.media-amazon.com/images/I/61W7r8av-3L._AC_UY218_.jpg
"QINOL Travel Laptop Backpack, Business Anti Theft Durable Laptop Backpack with USB Charging Port, Water Resistant College Bag Computer Bag Gifts for Men Women Fits 15.6 Inch Notebook",$21.31,,,https://www.amazon.com//Laptop-Backpack-Charging-Resistant-Computer/dp/B08GF3VW9S/ref=sr_1_20?keywords=school+bag&qid=1687712626&sr=8-20,https://m.media-amazon.com/images/I/71zzu1mQ-wL._AC_UY218_.jpg
Sowaovut Travel Laptop Backpack Anti-Theft Bag with usb Charging Port and Password Lock Fit 15.6 Inch Laptops for Men Women,$27.99,,,https://www.amazon.com//Backpack-Anti-Theft-Password-Laptops-College/dp/B09QJ5DNXR/ref=sr_1_21?keywords=school+bag&qid=1687712626&sr=8-21,https://m.media-amazon.com/images/I/71xHyJPuE-L._AC_UY218_.jpg
Caran·Y Kids Backpack Girls and Boys Classic School Backpack Light Weight Two Size Multi-pocket Aqua-Blue Suitable for ages 6+ and above（Aqua Blue）,$30.99,,,https://www.amazon.com//sspa/click?ie=UTF8&spc=MTo3OTkyMDI1MDQ2MTE1MzE1OjE2ODc3MTI2MjY6c3BfYnRmOjIwMDA2MTA5MDc4NDgyMTo6MDo6&url=%2FCaran%25C2%25B7Y-Casual-Daypacks-Backpacks-Aqua-Blue%2Fdp%2FB08BLK1VS6%2Fref%3Dsr_1_22_sspa%3Fkeywords%3Dschool%2Bbag%26qid%3D1687712626%26sr%3D8-22-spons%26sp_csd%3Dd2lkZ2V0TmFtZT1zcF9idGY%26psc%3D1,https://m.media-amazon.com/images/I/81nODsaF+nL._AC_UY218_.jpg
